href,title,reg_num,reg_date,type,con_date,vol
https://treaties.un.org/Pages/showDetails.aspx?objid=0800000280007fbf&clang=_en,United Nations Convention against Illicit Traffic in Narcotic Drugs and Psychotropic Substanc...,I-27627,11/11/1990,Open Multilateral,20/12/1988,1582
https://treaties.un.org/Pages/showDetails.aspx?objid=08000002800a38cd&clang=_en,Treaty on the Southeast Asia Nuclear Weapon-Free Zone.,I-33873,27/06/1997,Open Multilateral,15/12/1995,1981
https://treaties.un.org/Pages/showDetails.aspx?objid=08000002800be4bd&clang=_en,Treaty on the International Registration of Audiovisual Works,I-28002,25/03/1991,Open Multilateral,18/04/1989,1601
https://treaties.un.org/Pages/showDetails.aspx?objid=08000002800c10ac&clang=_en,Treaty on the establishment of the Central American Parliament and other political organs,I-30999,01/06/1994,Open Multilateral,02/10/1987,1777
https://treaties.un.org/Pages/showDetails.aspx?objid=08000002800a17d9&clang=_en,"Treaty on mutual legal assistance in criminal matters between the Republics of Costa Rica, El Salvador, Guatemal...",I-34455,05/03/1998,Open Multilateral,29/10/1993,2007
https://treaties.un.org/Pages/showDetails.aspx?objid=08000002800a545b&clang=_en,Treaty on cooperation in protection of the borders of States participating in the Commonwealth of ...,I-33648,01/04/1997,Open Multilateral,26/05/1995,1971
https://treaties.un.org/Pages/showDetails.aspx?objid=08000002800aa83e&clang=_en,Treaty on collective security,I-32307,01/11/1995,Open Multilateral,15/05/1992,1894
https://treaties.un.org/Pages/showDetails.aspx?objid=08000002800dc2b1&clang=_en,"Treaty of Montevideo, 1980.",I-22309,18/08/1983,Open Multilateral,12/08/1980,1329
https://treaties.un.org/Pages/showDetails.aspx?objid=08000002800a7d98&clang=_en,Treaty of Central-American Social Integration.,I-32889,07/06/1996,Open Multilateral,30/03/1995,1927
https://treaties.un.org/Pages/showDetails.aspx?objid=08000002800d389a&clang=_en,Treaty of accession of the People's Republic of Benin to the West African Economic Community (CEAO),I-23646,03/12/1985,Open Multilateral,24/05/1985,1412
https://treaties.un.org/Pages/showDetails.aspx?objid=08000002800dffcb&clang=_en,Treaty establishing the Organisation of Eastern Caribbean States,I-22435,08/11/1983,Open Multilateral,18/06/1981,1338
https://treaties.un.org/Pages/showDetails.aspx?objid=08000002800dc2fb&clang=_en,Treaty establishing a free-trade zone and instituting the Latin-American Free Trade Association ...,I-25392,01/11/1987,Open Multilateral,18/02/1960,1484
https://treaties.un.org/Pages/showDetails.aspx?objid=08000002800ce931&clang=_en,Treaty concerning the accession of the Kingdom of Spain and the Portuguese Republic to the European Econom...,I-24605,21/01/1987,Open Multilateral,12/06/1985,"1447, 1448, 1449, 1450, 1451, 1452, 1453, 1454"
https://treaties.un.org/Pages/showDetails.aspx?objid=08000002800d5f8d&clang=_en,"Treaty concerning the accession of the Kingdom of Denmark, Ireland, the Kingdom of Norway and the United Kingdom ...",I-23108,22/10/1984,Open Multilateral,22/01/1972,"1374, 1375, 1376, 1377, 1378"
https://treaties.un.org/Pages/showDetails.aspx?objid=08000002800d5ca7&clang=_en,Treaty concerning the accession of the Hellenic Republic to the European Economic Community and to the ...,I-23171,07/12/1984,Open Multilateral,28/05/1979,"1382, 1383, 1384, 1385"
https://treaties.un.org/Pages/showDetails.aspx?objid=08000002800bcc5c&clang=_en,Trademark Registration Treaty,I-28270,08/08/1991,Open Multilateral,12/06/1973,1646
https://treaties.un.org/Pages/showDetails.aspx?objid=080000028009c164&clang=_en,Trademark Law Treaty,I-35236,23/10/1998,Open Multilateral,27/10/1994,2037
https://treaties.un.org/Pages/showDetails.aspx?objid=08000002800a8214&clang=_en,"Third ACP-EEC Convention (with protocols, annexes, final act, exchange of letters, minutes of signatur...",I-32846,20/05/1996,Open Multilateral,08/12/1984,"1922, 1923"
https://treaties.un.org/Pages/showDetails.aspx?objid=08000002800ada35&clang=_en,"The Black Sea Convention on cooperation in the fields of culture, education, science and information",I-31701,30/03/1995,Open Multilateral,06/03/1993,1861
https://treaties.un.org/Pages/showDetails.aspx?objid=0800000280041c91&clang=_en,Terms of Reference of the International Nickel Study Group*,I-27296,23/05/1990,Open Multilateral,02/05/1986,1566
https://treaties.un.org/Pages/showDetails.aspx?objid=0800000280041f4f&clang=_en,Terms of Reference of the International Copper Study Group,I-28603,23/01/1992,Open Multilateral,24/02/1989,1662
https://treaties.un.org/Pages/showDetails.aspx?objid=08000002800d3969&clang=_en,Subscriptions to Newspapers and Periodicals Agreement,I-23686,01/01/1986,Open Multilateral,27/07/1984,1415
https://treaties.un.org/Pages/showDetails.aspx?objid=08000002800dd33e&clang=_en,Statutes of the International Centre for the Study of the Preservation and Restoration of Cultur...,I-22032,06/07/1983,Open Multilateral,05/12/1956,1321
https://treaties.un.org/Pages/showDetails.aspx?objid=0800000280042b43&clang=_en,Statutes of the International Centre for Genetic Engineering and Biotechnology,I-30673,03/02/1994,Open Multilateral,13/09/1983,1763
https://treaties.un.org/Pages/showDetails.aspx?objid=08000002800cea40&clang=_en,South Pacific Nuclear Free Zone Treaty,I-24592,02/01/1987,Open Multilateral,06/08/1985,1445
https://treaties.un.org/Pages/showDetails.aspx?objid=08000002800f0e0f&clang=_en,South Pacific Forum Fisheries Agency Convention,I-27574,01/10/1990,Open Multilateral,10/07/1979,1579
https://treaties.un.org/Pages/showDetails.aspx?objid=08000002800b0fd4&clang=_en,Revised Convention of the Convention of 12 September 1973 establishing the Permanent Inter-Sta...,I-33965,01/08/1997,Open Multilateral,22/04/1994,1985
https://treaties.un.org/Pages/showDetails.aspx?objid=08000002800c8df7&clang=_en,"Regional Co-operative Agreement for research, development and training related to nuclear science and technolog...",I-25803,22/03/1988,Open Multilateral,02/02/1987,1498
https://treaties.un.org/Pages/showDetails.aspx?objid=08000002800d2d67&clang=_en,"Regional Convention on the recognition of studies, diplomas, and degrees in higher education in Asia a...",I-23710,02/01/1986,Open Multilateral,16/12/1983,1417
https://treaties.un.org/Pages/showDetails.aspx?objid=08000002800df2d4&clang=_en,"Regional Convention on the recognition of studies, certificates, diplomas, degrees and other academic ...",I-21522,17/01/1983,Open Multilateral,05/12/1981,1297
https://treaties.un.org/Pages/showDetails.aspx?objid=08000002800a93b6&clang=_en,Regional Convention on fisheries cooperation among African States bordering the Atlantic Ocean,I-32592,21/02/1996,Open Multilateral,05/07/1991,1912
https://treaties.un.org/Pages/showDetails.aspx?objid=08000002800224f4&clang=_en,Protocol to the 1979 Convention on Long-Range Transboundary Air Pollution on the Reduction of Sulphur ...,I-25247,02/09/1987,Open Multilateral,08/07/1985,1480
https://treaties.un.org/Pages/showDetails.aspx?objid=0800000280022369&clang=_en,Protocol to the 1979 Convention on Long-range Transboundary Air Pollution on Long-term Financing of the ...,I-25638,28/01/1988,Open Multilateral,28/09/1984,1491
https://treaties.un.org/Pages/showDetails.aspx?objid=08000002800243b1&clang=_en,Protocol to the 1979 Convention on Long-Range Transboundary Air Pollution concerning the Control of Emissions ...,I-34322,29/09/1997,Open Multilateral,18/11/1991,2001
https://treaties.un.org/Pages/showDetails.aspx?objid=08000002800225fd&clang=_en,Protocol to the 1979 Convention on long-range transboundary air pollution concerning the control of emissions ...,I-27874,14/02/1991,Open Multilateral,31/10/1988,1593
https://treaties.un.org/Pages/showDetails.aspx?objid=08000002800ea4ab&clang=_en,Protocol to amend the International Convention for the unification of certain rules of law relating to bills of ...,I-23643,02/12/1985,Open Multilateral,23/02/1968,1412
https://treaties.un.org/Pages/showDetails.aspx?objid=08000002800b8f45&clang=_en,Protocol relating to the definition of Community citizen,I-29138,25/09/1992,Open Multilateral,29/05/1982,1690
https://treaties.un.org/Pages/showDetails.aspx?objid=08000002800b8ff9&clang=_en,Protocol relating to mutual assistance on defence matters,I-29137,25/09/1992,Open Multilateral,29/05/1981,1690
https://treaties.un.org/Pages/showDetails.aspx?objid=08000002800ddf24&clang=_en,"Protocol relating to intervention on the high seas in cases of pollution by substances other than oil, 1973",I-21886,29/04/1983,Open Multilateral,02/11/1973,1313
https://treaties.un.org/Pages/showDetails.aspx?objid=08000002800b8bac&clang=_en,"Protocol relating to free movement of persons, residence and establishment",I-32496,01/02/1996,Open Multilateral,29/05/1979,1906
https://treaties.un.org/Pages/showDetails.aspx?objid=08000002800b8b20&clang=_en,Protocol relating to Community enterprises,I-32497,01/02/1996,Open Multilateral,23/11/1984,1906
https://treaties.un.org/Pages/showDetails.aspx?objid=08000002800b3c11&clang=_en,Protocol on the succession by the Slovak Republic to the Agreement between the EFTA States and the CS...,I-32136,22/09/1995,Open Multilateral,19/04/1993,1889
https://treaties.un.org/Pages/showDetails.aspx?objid=08000002800b3c43&clang=_en,Protocol on the succession by the Czech Republic to the Agreement between the EFTA States and the CS...,I-32135,22/09/1995,Open Multilateral,19/04/1993,1889
https://treaties.un.org/Pages/showDetails.aspx?objid=08000002800dc61d&clang=_en,Protocol on the privileges and immunities of the International Maritime Satellite Organizati...,I-22282,08/08/1983,Open Multilateral,01/12/1981,1328
https://treaties.un.org/Pages/showDetails.aspx?objid=08000002800c7076&clang=_en,Protocol on the privileges and immunities of the European Telecommunications ...,I-26124,17/08/1988,Open Multilateral,13/02/1987,1512
https://treaties.un.org/Pages/showDetails.aspx?objid=08000002800c60d9&clang=_en,Protocol on the privileges and immunities of the European Organisation for the Exploitation ...,I-26373,20/01/1989,Open Multilateral,01/12/1986,1522
https://treaties.un.org/Pages/showDetails.aspx?objid=08000002800b8d2a&clang=_en,Protocol on the establishment of an ECOWAS brown card relating to motor vehicle third party ...,I-29141,25/09/1992,Open Multilateral,29/05/1982,1690
https://treaties.un.org/Pages/showDetails.aspx?objid=08000002800b8de3&clang=_en,Protocol on the establishment of a West African Health Organisation,I-29143,25/09/1992,Open Multilateral,09/07/1987,1690
https://treaties.un.org/Pages/showDetails.aspx?objid=0800000280046589&clang=_en,"Protocol on Road Markings, additional to the European Agreement supplementing the Convention on Road Sig...",I-23345,25/04/1985,Open Multilateral,01/03/1973,1394
https://treaties.un.org/Pages/showDetails.aspx?objid=08000002800b909c&clang=_en,Protocol on non-aggression,I-29136,25/09/1992,Open Multilateral,22/04/1978,1690
https://treaties.un.org/Pages/showDetails.aspx?objid=0800000280291139&clang=_en,Protocol of 1978 relating to the International Convention for the prevention of pollution from ship...,I-22484,26/11/1983,Open Multilateral,17/02/1978,"1340, 1341"
https://treaties.un.org/Pages/showDetails.aspx?objid=08000002800bcaf9&clang=_en,Protocol for the protection of the South-East Pacific against pollution from land-based sources,I-28327,26/08/1991,Open Multilateral,22/07/1983,1648
https://treaties.un.org/Pages/showDetails.aspx?objid=08000002800dc510&clang=_en,Protocol for the protection of the Mediterranean Sea against pollution from land-based sources,I-22281,08/08/1983,Open Multilateral,17/05/1980,1328
https://treaties.un.org/Pages/showDetails.aspx?objid=08000002800d1cc9&clang=_en,Protocol concerning Mediterranean Specially Protected Areas,I-24079,30/04/1986,Open Multilateral,03/04/1982,1425
https://treaties.un.org/Pages/showDetails.aspx?objid=080000028003f007&clang=_en,Protocol amending the Convention on the Limitation Period in the International Sale of Goods,I-26120,01/08/1988,Open Multilateral,11/04/1980,1511
https://treaties.un.org/Pages/showDetails.aspx?objid=08000002800bc603&clang=_en,Postal Parcels Agreement,I-29110,04/09/1992,Open Multilateral,14/12/1989,1687
https://treaties.un.org/Pages/showDetails.aspx?objid=08000002800d2e22&clang=_en,Postal Parcels Agreement,I-23680,01/01/1986,Open Multilateral,27/07/1984,1415
https://treaties.un.org/Pages/showDetails.aspx?objid=08000002800d2ca5&clang=_en,Organization of African Unity Convention for the elimination of mercenarism in Africa,I-25573,15/01/1988,Open Multilateral,03/07/1977,1490
https://treaties.un.org/Pages/showDetails.aspx?objid=08000002800ad0e9&clang=_en,Nairobi Treaty on the Protection of the Olympic Symbol,I-31732,24/04/1995,Open Multilateral,26/09/1981,1863
https://treaties.un.org/Pages/showDetails.aspx?objid=08000002800d0f49&clang=_en,Multilateral Agreement relating to route charges.,I-24254,14/07/1986,Open Multilateral,12/02/1981,1430
https://treaties.un.org/Pages/showDetails.aspx?objid=080000028003f7f7&clang=_en,Montreal Protocol on Substances that Deplete the Ozone Layer,I-26369,01/01/1989,Open Multilateral,16/09/1987,1522
https://treaties.un.org/Pages/showDetails.aspx?objid=08000002800d331d&clang=_en,Money Orders and Postal Travellers' Cheques Agreement,I-23681,01/01/1986,Open Multilateral,27/07/1984,1415
https://treaties.un.org/Pages/showDetails.aspx?objid=08000002800bc7ff&clang=_en,Money Orders Agreement,I-29111,04/09/1992,Open Multilateral,14/12/1989,1687
https://treaties.un.org/Pages/showDetails.aspx?objid=08000002800d0681&clang=_en,Memorandum of understanding to confer upon the Committee for Co-ordination of Joint Prospecting for Miner...,I-24399,01/11/1986,Open Multilateral,25/05/1984,1439
https://treaties.un.org/Pages/showDetails.aspx?objid=08000002800d6709&clang=_en,Memorandum of Understanding on the Commonwealth Foundation.  Adopted at London on 15 July 1982,I-23092,21/09/1984,Open Multilateral,15/07/1982,1369
https://treaties.un.org/Pages/showDetails.aspx?objid=08000002800add4f&clang=_en,Memorandum of Understanding concerning establishment of the Inter-Organization Programme for the Sou...,II-1143,01/12/1995,Open Multilateral,"11/01/1995, 17/01/1995, 31/01/1995, 13/03/1995",1899
https://treaties.un.org/Pages/showDetails.aspx?objid=08000002800ade6c&clang=_en,Marrakesh Agreement establishing the World Trade Organization,I-31874,01/06/1995,Open Multilateral,15/04/1994,"1867, 1868, 1869"
https://treaties.un.org/Pages/showDetails.aspx?objid=080000028001615c&clang=_en,Lusaka Agreement on Co-operative Enforcement Operations Directed at Illegal Trade in Wild Fauna and Flora,I-33409,10/12/1996,Open Multilateral,08/09/1994,1950
https://treaties.un.org/Pages/showDetails.aspx?objid=08000002800ba173&clang=_en,Joint Protocol relating to the application of the Vienna Convention on Civil Liability for Nuclear Damage and t...,I-28907,01/05/1992,Open Multilateral,21/09/1988,1672
https://treaties.un.org/Pages/showDetails.aspx?objid=080000028003cf9e&clang=_en,"International Wheat Agreement, 1986: (b)  Food Aid Convention, 1986*",I-24237,01/07/1986,Open Multilateral,13/03/1986,1429
https://treaties.un.org/Pages/showDetails.aspx?objid=080000028003cd52&clang=_en,"International Wheat Agreement, 1986: (a)  Wheat Trade Convention, 1986*",I-24237,01/07/1986,Open Multilateral,14/03/1986,1429
https://treaties.un.org/Pages/showDetails.aspx?objid=0800000280044b28&clang=_en,"International Tropical Timber Agreement, 1994",I-33484,01/01/1997,Open Multilateral,26/01/1994,1955
https://treaties.un.org/Pages/showDetails.aspx?objid=080000028003bcca&clang=_en,"International Tropical Timber Agreement, 1983*",I-23317,01/04/1985,Open Multilateral,18/11/1983,1393
https://treaties.un.org/Pages/showDetails.aspx?objid=08000002800c4801&clang=_en,"International Telecommunication Convention (with annexes, final protocol, additional protocol...",I-26559,24/05/1989,Open Multilateral,06/11/1982,"1533, 242, 329"
https://treaties.un.org/Pages/showDetails.aspx?objid=080000028004230f&clang=_en,"International Sugar Agreement, 1992",I-29467,20/01/1993,Open Multilateral,20/03/1992,1703
https://treaties.un.org/Pages/showDetails.aspx?objid=080000028003e9a5&clang=_en,"International Sugar Agreement, 1987*",I-25811,24/03/1988,Open Multilateral,11/09/1987,1499
https://treaties.un.org/Pages/showDetails.aspx?objid=080000028003b9f1&clang=_en,"International Sugar Agreement, 1984*",I-23225,01/01/1985,Open Multilateral,05/07/1984,1388
https://treaties.un.org/Pages/showDetails.aspx?objid=08000002800d3463&clang=_en,International Savings Agreement,I-23685,01/01/1986,Open Multilateral,27/07/1984,1415
https://treaties.un.org/Pages/showDetails.aspx?objid=0800000280044ddd&clang=_en,"International Natural Rubber Agreement, 1994*",I-33546,06/02/1997,Open Multilateral,17/02/1995,1964
https://treaties.un.org/Pages/showDetails.aspx?objid=080000028003f68a&clang=_en,"International Natural Rubber Agreement, 1987*",I-26364,29/12/1988,Open Multilateral,20/03/1987,1521
https://treaties.un.org/Pages/showDetails.aspx?objid=0800000280028d21&clang=_en,"International Grains Agreement, 1995",I-32022,01/07/1995,Open Multilateral,"05/12/1994, 07/12/1994",1882
https://treaties.un.org/Pages/showDetails.aspx?objid=08000002800ea54a&clang=_en,International Convention relating to the limitation of the liability of owners of sea-going ships,I-23642,02/12/1985,Open Multilateral,10/10/1957,1412
https://treaties.un.org/Pages/showDetails.aspx?objid=08000002800c868a&clang=_en,International Convention on the Harmonized Commodity Description and Coding System,I-25910,04/05/1988,Open Multilateral,14/06/1983,1503
https://treaties.un.org/Pages/showDetails.aspx?objid=080000028003cb44&clang=_en,International Convention on the Harmonization of Frontier Controls of Goods,I-23583,15/10/1985,Open Multilateral,21/10/1982,1409
https://treaties.un.org/Pages/showDetails.aspx?objid=08000002800d6d42&clang=_en,"International Convention on standards of training, certification and watchkeeping for seafarers, 1978",I-23001,11/07/1984,Open Multilateral,07/07/1978,"1361, 1362"
https://treaties.un.org/Pages/showDetails.aspx?objid=08000002800a58b3&clang=_en,"International Convention on Salvage, 1989",I-33479,23/12/1996,Open Multilateral,28/04/1989,1953
https://treaties.un.org/Pages/showDetails.aspx?objid=08000002800aada6&clang=_en,"International Convention on oil pollution preparedness, response and cooperation, 1990",I-32194,18/10/1995,Open Multilateral,30/11/1990,1891
https://treaties.un.org/Pages/showDetails.aspx?objid=08000002800d43b3&clang=_en,"International Convention on maritime search and rescue, 1979",I-23489,27/08/1985,Open Multilateral,27/04/1979,1405
https://treaties.un.org/Pages/showDetails.aspx?objid=08000002800ea435&clang=_en,International Convention for the unification of certain rules relating to the carriage of passengers by sea.,I-23623,19/11/1985,Open Multilateral,29/04/1961,1411
https://treaties.un.org/Pages/showDetails.aspx?objid=08000002800adaff&clang=_en,"International Convention for the Protection of New Varieties of Plants of 2 December 1961, as revised at Geneva on ...",I-31696,17/03/1995,Open Multilateral,23/10/1978,1861
https://treaties.un.org/Pages/showDetails.aspx?objid=0800000280056c38&clang=_en,International Convention Against the Taking of Hostages,I-21931,03/06/1983,Open Multilateral,17/12/1979,1316
https://treaties.un.org/Pages/showDetails.aspx?objid=080000028003ebb5&clang=_en,International Convention against Apartheid in Sports,I-25822,03/04/1988,Open Multilateral,10/12/1985,1500
https://treaties.un.org/Pages/showDetails.aspx?objid=080000028003970d&clang=_en,"International Coffee Agreement, 1983*",I-22376,01/10/1983,Open Multilateral,16/09/1982,1333
https://treaties.un.org/Pages/showDetails.aspx?objid=0800000280042f5a&clang=_en,"International Cocoa Agreement, 1993*",I-30692,22/02/1994,Open Multilateral,16/07/1993,1766
https://treaties.un.org/Pages/showDetails.aspx?objid=080000028003d475&clang=_en,"International Cocoa Agreement, 1986*",I-24604,20/01/1987,Open Multilateral,25/07/1986,1446
https://treaties.un.org/Pages/showDetails.aspx?objid=08000002800b3447&clang=_en,International Agreement on the use of INMARSAT ship earth stations within the territorial sea and ports,I-30483,10/11/1993,Open Multilateral,16/10/1985,1748
https://treaties.un.org/Pages/showDetails.aspx?objid=08000002800c7106&clang=_en,International Agreement on the sharing of capacity on intra-European scheduled air services (with ann...,I-26122,09/08/1988,Open Multilateral,16/06/1987,1511
https://treaties.un.org/Pages/showDetails.aspx?objid=08000002800c7978&clang=_en,International Agreement on the procedure for the establishment of tariffs for intra-European scheduled air servic...,I-25973,13/06/1988,Open Multilateral,16/06/1987,1506
https://treaties.un.org/Pages/showDetails.aspx?objid=08000002801cd061&clang=_en,"International Agreement on olive oil and table olives, 1986*",I-24591,01/01/1987,Open Multilateral,01/07/1986,1445
https://treaties.un.org/Pages/showDetails.aspx?objid=0800000280041d4c&clang=_en,"International Agreement on Jute and Jute Products, 1989*",I-28026,12/04/1991,Open Multilateral,03/11/1989,1605
https://treaties.un.org/Pages/showDetails.aspx?objid=080000028003b7d6&clang=_en,"International Agreement on jute and jute products, 1982*",I-22672,09/01/1984,Open Multilateral,01/10/1982,1346
https://treaties.un.org/Pages/showDetails.aspx?objid=08000002800b1840&clang=_en,International Agreement concerning the establishment and operation of the civil LORAN C navigation ...,I-30919,21/04/1994,Open Multilateral,06/08/1992,1774
https://treaties.un.org/Pages/showDetails.aspx?objid=08000002800d0217&clang=_en,Inter-American Convention on the taking of evidence abroad,I-24387,23/10/1986,Open Multilateral,30/01/1975,1438
https://treaties.un.org/Pages/showDetails.aspx?objid=08000002800d029d&clang=_en,"Inter-American Convention on the rights of the author in literary, scientific and artistic works.",I-24373,23/10/1986,Open Multilateral,22/06/1946,1438
https://treaties.un.org/Pages/showDetails.aspx?objid=08000002800d0199&clang=_en,Inter-American Convention on the legal regime of powers of attorney to be used abroad,I-24385,23/10/1986,Open Multilateral,30/01/1975,1438
https://treaties.un.org/Pages/showDetails.aspx?objid=08000002800cfd46&clang=_en,Inter-American Convention on the granting of political rights to women,I-24375,23/10/1986,Open Multilateral,02/05/1948,1438
https://treaties.un.org/Pages/showDetails.aspx?objid=08000002800d0362&clang=_en,Inter-American Convention on the granting of civil rights to women,I-24374,23/10/1986,Open Multilateral,02/05/1948,1438
https://treaties.un.org/Pages/showDetails.aspx?objid=08000002800d04c2&clang=_en,Inter-American Convention on proof of and information on foreign law,I-24393,23/10/1986,Open Multilateral,08/05/1979,1439
https://treaties.un.org/Pages/showDetails.aspx?objid=08000002800b2e5f&clang=_en,Inter-American Convention on personality and capacity of juridical persons in private internation...,I-30598,07/12/1993,Open Multilateral,24/05/1984,1752
https://treaties.un.org/Pages/showDetails.aspx?objid=08000002800d5960&clang=_en,Inter-American Convention on letters rogatory,I-24386,23/10/1986,Open Multilateral,30/01/1975,1438
https://treaties.un.org/Pages/showDetails.aspx?objid=08000002800d06cc&clang=_en,Inter-American Convention on international commercial arbitration,I-24384,23/10/1986,Open Multilateral,30/01/1975,1438
https://treaties.un.org/Pages/showDetails.aspx?objid=08000002800d0036&clang=_en,Inter-American Convention on General Rules of Private International Law,I-24637,01/03/1987,Open Multilateral,08/05/1979,1457
https://treaties.un.org/Pages/showDetails.aspx?objid=08000002800cff64&clang=_en,Inter-American Convention on facilitation of international waterborne transportation ...,I-24380,23/10/1986,Open Multilateral,07/06/1963,1438
https://treaties.un.org/Pages/showDetails.aspx?objid=08000002800cfdcd&clang=_en,Inter-American Convention on extraterritorial validity of foreign judgments and arbitr...,I-24392,23/10/1986,Open Multilateral,08/05/1979,1439
https://treaties.un.org/Pages/showDetails.aspx?objid=08000002800b2e14&clang=_en,Inter-American Convention on extradition,I-30597,07/12/1993,Open Multilateral,25/02/1981,1752
https://treaties.un.org/Pages/showDetails.aspx?objid=08000002800cfcd8&clang=_en,Inter-American Convention on execution of preventive measures,I-24391,23/10/1986,Open Multilateral,08/05/1979,1439
https://treaties.un.org/Pages/showDetails.aspx?objid=08000002800d0455&clang=_en,Inter-American Convention on domicile of natural persons in private international law,I-24390,23/10/1986,Open Multilateral,08/05/1979,1439
https://treaties.un.org/Pages/showDetails.aspx?objid=08000002800d03e9&clang=_en,Inter-American Convention on conflicts of laws concerning commercial companies.,I-24389,23/10/1986,Open Multilateral,08/05/1979,1439
https://treaties.un.org/Pages/showDetails.aspx?objid=08000002800d054b&clang=_en,Inter-American Convention on conflict of laws concerning checks.,I-24383,23/10/1986,Open Multilateral,30/01/1975,1438
https://treaties.un.org/Pages/showDetails.aspx?objid=08000002800d0612&clang=_en,Inter-American Convention on conflict of laws concerning checks.,I-24388,23/10/1986,Open Multilateral,08/05/1979,1438
https://treaties.un.org/Pages/showDetails.aspx?objid=08000002800d05a5&clang=_en,"Inter-American Convention on conflict of laws concerning bills of exchange, promissory notes and invoices.",I-24382,23/10/1986,Open Multilateral,30/01/1975,1438
https://treaties.un.org/Pages/showDetails.aspx?objid=08000002800a12ce&clang=_en,"Inter-American Convention against the illicit manufacturing of and trafficking in firearms, ammunitio...",I-35005,01/08/1998,Open Multilateral,14/11/1997,2029
https://treaties.un.org/Pages/showDetails.aspx?objid=08000002800bc6f9&clang=_en,Giro Agreement,I-29112,04/09/1992,Open Multilateral,14/12/1989,1687
https://treaties.un.org/Pages/showDetails.aspx?objid=08000002800d30f5&clang=_en,Giro Agreement,I-23682,01/01/1986,Open Multilateral,27/07/1984,1415
https://treaties.un.org/Pages/showDetails.aspx?objid=08000002800b8c9b&clang=_en,General Convention on privileges and immunities of the Economic Community of West African States,I-32495,01/02/1996,Open Multilateral,22/04/1978,1906
https://treaties.un.org/Pages/showDetails.aspx?objid=08000002800a17a8&clang=_en,Framework Treaty on democratic security in Central America,I-34456,05/03/1998,Open Multilateral,15/12/1995,2007
https://treaties.un.org/Pages/showDetails.aspx?objid=08000002800b1e2b&clang=_en,"Fourth ACP-EEC Convention (with protocols, final act, exchange of letters, minutes of signatur...",I-32847,20/05/1996,Open Multilateral,15/12/1989,1924
https://treaties.un.org/Pages/showDetails.aspx?objid=08000002800cb7a3&clang=_en,Exchange of letters constituting an agreement regarding funds paid for the Bayssarieh project,I-25492,11/12/1987,Open Multilateral,"24/09/1987, 11/12/1987",1487
https://treaties.un.org/Pages/showDetails.aspx?objid=08000002800ad8c4&clang=_en,European Convention on transfrontier television,I-33611,14/03/1997,Open Multilateral,05/05/1989,1966
https://treaties.un.org/Pages/showDetails.aspx?objid=08000002800df3ac&clang=_en,European Convention on the service abroad of documents relating to administrative matters,I-21537,21/01/1983,Open Multilateral,24/11/1977,1299
https://treaties.un.org/Pages/showDetails.aspx?objid=08000002800b6caf&clang=_en,European Convention on the recognition of the legal personality of international non-governmental ...,I-29469,22/01/1993,Open Multilateral,24/04/1986,1704
https://treaties.un.org/Pages/showDetails.aspx?objid=08000002800a4c91&clang=_en,European Convention on the protection of the archaeological heritage (revised),I-33612,14/03/1997,Open Multilateral,16/01/1992,1966
https://treaties.un.org/Pages/showDetails.aspx?objid=08000002800df199&clang=_en,European Convention on the obtaining abroad of information and evidence in administrative matters,I-21538,21/01/1983,Open Multilateral,15/03/1978,1299
https://treaties.un.org/Pages/showDetails.aspx?objid=08000002800c9dbe&clang=_en,European Convention on the legal status of migrant workers,I-25700,14/03/1988,Open Multilateral,24/11/1977,1496
https://treaties.un.org/Pages/showDetails.aspx?objid=08000002800d8f61&clang=_en,European Convention on the international effects of deprivation of the right to drive a motor vehicle,I-22417,31/10/1983,Open Multilateral,03/06/1976,1336
https://treaties.un.org/Pages/showDetails.aspx?objid=08000002800b6eab&clang=_en,European Convention on the general equivalence of periods of university study,I-29472,22/01/1993,Open Multilateral,06/11/1990,1704
https://treaties.un.org/Pages/showDetails.aspx?objid=08000002800c585a&clang=_en,European Convention on the compensation of victims of violent crimes,I-26456,06/03/1989,Open Multilateral,24/11/1983,1525
https://treaties.un.org/Pages/showDetails.aspx?objid=08000002800d8f16&clang=_en,European Convention on the calculation of time-limits,I-22416,31/10/1983,Open Multilateral,16/05/1972,1336
https://treaties.un.org/Pages/showDetails.aspx?objid=08000002800c8eb2&clang=_en,European Convention on State Immunity,I-25699,14/03/1988,Open Multilateral,16/05/1972,1495
https://treaties.un.org/Pages/showDetails.aspx?objid=08000002800c8f42&clang=_en,European Convention on spectator violence and misbehaviour at sports events and in particular at football matches,I-25704,14/03/1988,Open Multilateral,19/08/1985,1496
https://treaties.un.org/Pages/showDetails.aspx?objid=08000002800bd450&clang=_en,European Convention on social security,I-29575,05/02/1993,Open Multilateral,14/12/1972,1710
https://treaties.un.org/Pages/showDetails.aspx?objid=08000002800c9246&clang=_en,European Convention on recognition and enforcement of decisions concerning custody of children and on ...,I-25701,14/03/1988,Open Multilateral,20/05/1980,1496
https://treaties.un.org/Pages/showDetails.aspx?objid=08000002800a6e28&clang=_en,European Convention on Cinematographic Co-production,I-33134,09/09/1996,Open Multilateral,02/10/1992,1934
https://treaties.un.org/Pages/showDetails.aspx?objid=08000002800b6f24&clang=_en,European Convention for the protection of vertebrate animals used for experimental and other scientific ...,I-29468,22/01/1993,Open Multilateral,18/03/1986,1704
https://treaties.un.org/Pages/showDetails.aspx?objid=08000002800b6bff&clang=_en,European Convention for the protection of pet animals,I-29470,22/01/1993,Open Multilateral,13/11/1987,1704
https://treaties.un.org/Pages/showDetails.aspx?objid=08000002800c1bd9&clang=_en,European Convention for the prevention of torture and inhuman or degrading treatment or punishment,I-27161,16/03/1990,Open Multilateral,26/11/1987,1561
https://treaties.un.org/Pages/showDetails.aspx?objid=08000002800c5671&clang=_en,European Charter of local self-government,I-26457,06/03/1989,Open Multilateral,15/10/1985,1525
https://treaties.un.org/Pages/showDetails.aspx?objid=080000028009b6ba&clang=_en,European Charter for Regional or Minority Languages,I-35358,19/11/1998,Open Multilateral,05/11/1992,2044
https://treaties.un.org/Pages/showDetails.aspx?objid=080000028002b356&clang=_en,European Agreement on main international traffic arteries (AGR),I-21618,15/03/1983,Open Multilateral,15/11/1975,1302
https://treaties.un.org/Pages/showDetails.aspx?objid=0800000280041527&clang=_en,European Agreement on Main International Railway Lines (AGC),I-26540,27/04/1989,Open Multilateral,31/05/1985,1490
https://treaties.un.org/Pages/showDetails.aspx?objid=08000002800427f7&clang=_en,European Agreement on Important International Combined Transport Lines and Related Installations (AGTC),I-30382,20/10/1993,Open Multilateral,01/02/1991,1746
https://treaties.un.org/Pages/showDetails.aspx?objid=08000002800def7f&clang=_en,European Agreement concerning the provision of medical care to persons during temporary residence,I-21609,25/02/1983,Open Multilateral,17/10/1980,1301
https://treaties.un.org/Pages/showDetails.aspx?objid=08000002800abdcd&clang=_en,"Europe Agreement establishing an association between the European Communities and their Member States, ...",I-32008,29/06/1995,Open Multilateral,04/10/1993,"1880, 1881"
https://treaties.un.org/Pages/showDetails.aspx?objid=08000002800abd78&clang=_en,"Europe Agreement establishing an Association between the European Communities and their Member States, ...",I-32007,29/06/1995,Open Multilateral,04/10/1993,"1878, 1879"
https://treaties.un.org/Pages/showDetails.aspx?objid=08000002800a174c&clang=_en,Euro-Mediterranean Agreement establishing an Association between the European Communities and their Member State...,I-34463,17/03/1998,Open Multilateral,17/07/1995,2008
https://treaties.un.org/Pages/showDetails.aspx?objid=08000002800de233&clang=_en,EURODIF Convention.,I-21849,12/04/1983,Open Multilateral,20/03/1980,1310
https://treaties.un.org/Pages/showDetails.aspx?objid=08000002800b4284&clang=_en,Establishment Agreement for the Center for International Forestry Research,I-30319,28/09/1993,Open Multilateral,05/03/1993,1736
https://treaties.un.org/Pages/showDetails.aspx?objid=08000002800dc241&clang=_en,Declaration constituting an agreement establishing the Association of South East Asian Nations ...,I-22341,02/09/1983,Open Multilateral,08/08/1967,1331
https://treaties.un.org/Pages/showDetails.aspx?objid=08000002800b8552&clang=_en,Cultural Framework Agreement for the Economic Community of West African States (ECOWAS),I-29142,25/09/1992,Open Multilateral,09/07/1987,1690
https://treaties.un.org/Pages/showDetails.aspx?objid=08000002800b7622&clang=_en,Cooperation Agreement between the European Economic Community and COST third States on five concerted acti...,I-29877,01/04/1993,Open Multilateral,22/06/1992,1718
https://treaties.un.org/Pages/showDetails.aspx?objid=08000002800b7663&clang=_en,Co-operation Agreement between the European Economic Community and COST third States on eleven concerted acti...,I-29878,01/04/1993,Open Multilateral,22/06/1992,1718
https://treaties.un.org/Pages/showDetails.aspx?objid=08000002800d031f&clang=_en,Convention to prevent and punish the acts of terrorism taking the form of crimes against persons and related ...,I-24381,23/10/1986,Open Multilateral,02/02/1971,1438
https://treaties.un.org/Pages/showDetails.aspx?objid=08000002800badcc&clang=_en,Convention relating to the deprivation of civil rights and similar measures of protection,LoN-56,26/02/1992,Open Multilateral,17/07/1905,116
https://treaties.un.org/Pages/showDetails.aspx?objid=08000002800b8e98&clang=_en,Convention regulating inter-State road transportation between ECOWAS member States,I-29140,25/09/1992,Open Multilateral,29/05/1982,1690
https://treaties.un.org/Pages/showDetails.aspx?objid=08000002800c9e0b&clang=_en,Convention on the transfer of sentenced persons,I-25703,14/03/1988,Open Multilateral,21/03/1983,1496
https://treaties.un.org/Pages/showDetails.aspx?objid=08000002800b8c10&clang=_en,Convention on the temporary importation of passenger vehicles into member States of the Economic Community ...,I-32498,01/02/1996,Open Multilateral,06/07/1985,1906
https://treaties.un.org/Pages/showDetails.aspx?objid=08000002800b027f&clang=_en,Convention on the Statute of the Central American Court of Justice,I-31191,14/09/1994,Open Multilateral,10/12/1992,1821
https://treaties.un.org/Pages/showDetails.aspx?objid=08000002800af73d&clang=_en,Convention on the simplification of formalities in trade in goods,I-33320,01/11/1996,Open Multilateral,20/05/1987,"1942, 1943, 1944"
https://treaties.un.org/Pages/showDetails.aspx?objid=08000002800007fe&clang=_en,Convention on the Rights of the Child,I-27531,02/09/1990,Open Multilateral,20/11/1989,1577
https://treaties.un.org/Pages/showDetails.aspx?objid=08000002800c7b26&clang=_en,Convention on the Protection of the Marine Environment of the Baltic Sea Area,I-25986,22/06/1988,Open Multilateral,22/03/1974,1507
https://treaties.un.org/Pages/showDetails.aspx?objid=08000002800b25b8&clang=_en,Convention on the protection of the Black Sea against pollution,I-30674,10/02/1994,Open Multilateral,21/04/1992,1764
https://treaties.un.org/Pages/showDetails.aspx?objid=08000002800a8ee0&clang=_en,"Convention on the protection of the Alps (Alps Convention) (with lists of administrative units, map and ...",I-32724,25/03/1996,Open Multilateral,"07/11/1991, 06/04/1993",1917
https://treaties.un.org/Pages/showDetails.aspx?objid=0800000280044685&clang=_en,Convention on the Protection and Use of Transboundary Watercourses and International Lakes,I-33207,06/10/1996,Open Multilateral,17/03/1992,1936
https://treaties.un.org/Pages/showDetails.aspx?objid=08000002800276fe&clang=_en,"Convention on the Prohibition of the Development, Production, Stockpiling and Use of Chemical Weapons and ...",I-33757,29/04/1997,Open Multilateral,03/09/1992,1974
https://treaties.un.org/Pages/showDetails.aspx?objid=08000002800d6024&clang=_en,Convention on the Physical Protection of Nuclear Material,I-24631,23/02/1987,Open Multilateral,03/03/1980,1456
https://treaties.un.org/Pages/showDetails.aspx?objid=080000028009b9fc&clang=_en,Convention on the participation of foreigners in public life at local level,I-35365,19/11/1998,Open Multilateral,05/02/1992,2044
https://treaties.un.org/Pages/showDetails.aspx?objid=080000028003f072&clang=_en,"Convention on the Limitation Period in the International Sale of Goods, as amended by the Protocol of 11 April ...",I-26121,01/08/1988,Open Multilateral,14/06/1974,1511
https://treaties.un.org/Pages/showDetails.aspx?objid=080000028003eefb&clang=_en,Convention on the Limitation Period in the International Sale of Goods,I-26119,01/08/1988,Open Multilateral,14/06/1974,1511
https://treaties.un.org/Pages/showDetails.aspx?objid=08000002800bb119&clang=_en,Convention on the law applicable to trusts and on their recognition,I-28632,31/01/1992,Open Multilateral,01/07/1985,1664
https://treaties.un.org/Pages/showDetails.aspx?objid=08000002800c2f3c&clang=_en,Convention on the law applicable to surnames and given names,I-26995,01/01/1990,Open Multilateral,05/09/1980,1553
https://treaties.un.org/Pages/showDetails.aspx?objid=08000002800bdfca&clang=_en,Convention on the law applicable to contractual obligations,I-28023,11/04/1991,Open Multilateral,19/06/1980,1605
https://treaties.un.org/Pages/showDetails.aspx?objid=08000002800af092&clang=_en,Convention on the elimination of double taxation in connection with the adjustment of profits of associat...,I-31453,06/01/1995,Open Multilateral,23/07/1990,1847
https://treaties.un.org/Pages/showDetails.aspx?objid=0800000280043a57&clang=_en,Convention on the contract for the international carriage of passengers and luggage by road (CV...,I-30887,12/04/1994,Open Multilateral,01/03/1973,1774
https://treaties.un.org/Pages/showDetails.aspx?objid=08000002800bc2fb&clang=_en,Convention on the conservation of migratory species of wild animals,I-28395,08/10/1991,Open Multilateral,23/06/1979,1651
https://treaties.un.org/Pages/showDetails.aspx?objid=08000002800dc364&clang=_en,Convention on the conservation of Antarctic marine living resources,I-22301,11/08/1983,Open Multilateral,20/05/1980,1329
https://treaties.un.org/Pages/showDetails.aspx?objid=08000002800d90b4&clang=_en,Convention on the Civil Aspects of International Child Abduction,I-22514,17/12/1983,Open Multilateral,25/10/1980,1343
https://treaties.un.org/Pages/showDetails.aspx?objid=08000002800b4cd1&clang=_en,Convention on the accession of the Kingdom of Spain and the Portuguese Republic to the Convention on t...,I-30241,01/09/1993,Open Multilateral,18/05/1992,1732
https://treaties.un.org/Pages/showDetails.aspx?objid=08000002800c3b81&clang=_en,"Convention on the accession of the Kingdom of Denmark, Ireland and the United Kingdom of Great Britain and ...",I-26749,01/08/1989,Open Multilateral,09/10/1978,1542
https://treaties.un.org/Pages/showDetails.aspx?objid=08000002800be022&clang=_en,Convention on the accession of the Hellenic Republic to the Convention on the law applicable to ...,I-28024,11/04/1991,Open Multilateral,10/04/1984,1605
https://treaties.un.org/Pages/showDetails.aspx?objid=08000002800c3b3f&clang=_en,Convention on the accession of the Hellenic Republic to the Convention on jurisdiction and ...,I-26750,01/08/1989,Open Multilateral,25/10/1982,1542
https://treaties.un.org/Pages/showDetails.aspx?objid=08000002800cfe37&clang=_en,Convention on territorial asylum.,I-24378,23/10/1986,Open Multilateral,28/03/1954,1438
https://treaties.un.org/Pages/showDetails.aspx?objid=08000002800b2770&clang=_en,Convention on temporary admission,I-30667,25/01/1994,Open Multilateral,26/06/1990,1762
https://treaties.un.org/Pages/showDetails.aspx?objid=08000002800be0cf&clang=_en,Convention on technical and vocational education,I-28352,29/08/1991,Open Multilateral,10/11/1989,1649
https://treaties.un.org/Pages/showDetails.aspx?objid=080000028003beff&clang=_en,Convention on special missions,I-23431,21/06/1985,Open Multilateral,08/12/1969,1400
https://treaties.un.org/Pages/showDetails.aspx?objid=08000002800ac2f9&clang=_en,Convention on Protection of Children and Cooperation in respect of Intercountry Adoption,I-31922,14/06/1995,Open Multilateral,29/05/1993,1870
https://treaties.un.org/Pages/showDetails.aspx?objid=080000028003a6cf&clang=_en,Convention on Prohibitions or Restrictions on the Use of Certain Conventional Weapons which may be ...,I-22495,02/12/1983,Open Multilateral,10/10/1980,1342
https://treaties.un.org/Pages/showDetails.aspx?objid=08000002800a52b4&clang=_en,Convention on nuclear safety,I-33545,03/02/1997,Open Multilateral,20/09/1994,1963
https://treaties.un.org/Pages/showDetails.aspx?objid=08000002800a4bd5&clang=_en,Convention on mutual administrative assistance in tax matters,I-33610,14/03/1997,Open Multilateral,25/01/1988,1966
https://treaties.un.org/Pages/showDetails.aspx?objid=0800000280020aa6&clang=_en,Convention on Long-Range Transboundary Air Pollution,I-21623,16/03/1983,Open Multilateral,13/11/1979,1302
https://treaties.un.org/Pages/showDetails.aspx?objid=08000002800f9404&clang=_en,"Convention on limitation of liability for maritime claims, 1976",I-24635,27/02/1987,Open Multilateral,19/11/1976,1456
https://treaties.un.org/Pages/showDetails.aspx?objid=08000002800ad5a8&clang=_en,"Convention on laundering, search, seizure and confiscation of the proceeds from crime",I-31704,05/04/1995,Open Multilateral,08/11/1990,1862
https://treaties.un.org/Pages/showDetails.aspx?objid=08000002800bb7d8&clang=_en,Convention on jurisdiction and the enforcement of judgements in civil and commercial matters,I-28551,01/01/1992,Open Multilateral,16/09/1988,1659
https://treaties.un.org/Pages/showDetails.aspx?objid=08000002800c732c&clang=_en,Convention on International Access to Justice,I-26112,28/07/1988,Open Multilateral,25/10/1980,1510
https://treaties.un.org/Pages/showDetails.aspx?objid=08000002800b6d14&clang=_en,Convention on insider trading,I-29471,22/01/1993,Open Multilateral,20/04/1989,1704
https://treaties.un.org/Pages/showDetails.aspx?objid=080000028002887c&clang=_en,Convention on Environmental Impact Assessment in a Transboundary Context,I-34028,10/09/1997,Open Multilateral,25/02/1991,1989
https://treaties.un.org/Pages/showDetails.aspx?objid=08000002800cf3c9&clang=_en,Convention on Early Notification of a Nuclear Accident,I-24404,07/11/1986,Open Multilateral,26/09/1986,1439
https://treaties.un.org/Pages/showDetails.aspx?objid=08000002800d00aa&clang=_en,Convention on diplomatic asylum.,I-24377,23/10/1986,Open Multilateral,28/03/1954,1438
https://treaties.un.org/Pages/showDetails.aspx?objid=080000028004505f&clang=_en,Convention on Customs Treatment of Pool Containers used in International Transport,I-34301,17/01/1998,Open Multilateral,21/01/1994,2000
https://treaties.un.org/Pages/showDetails.aspx?objid=08000002800af801&clang=_en,Convention on conciliation and arbitration within the Conference on Security and Co-operation in ...,I-31413,05/12/1994,Open Multilateral,15/12/1992,1842
https://treaties.un.org/Pages/showDetails.aspx?objid=08000002800aa224&clang=_en,Convention on celebration and recognition of the validity of marriages,I-32391,14/12/1995,Open Multilateral,14/03/1978,1901
https://treaties.un.org/Pages/showDetails.aspx?objid=080000028002934a&clang=_en,Convention on Biological Diversity,I-30619,29/12/1993,Open Multilateral,05/06/1992,1760
https://treaties.un.org/Pages/showDetails.aspx?objid=08000002800cf807&clang=_en,Convention on Assistance in the Case of a Nuclear Accident or Radiological Emergency,I-24643,10/03/1987,Open Multilateral,26/09/1986,1457
https://treaties.un.org/Pages/showDetails.aspx?objid=080000028003a445&clang=_en,Convention on a Code of Conduct for Liner Conferences,I-22380,06/10/1983,Open Multilateral,06/04/1974,1334
https://treaties.un.org/Pages/showDetails.aspx?objid=08000002800b9bd7&clang=_en,Convention for the suppression of unlawful acts against the safety of maritime navigation,I-29004,26/06/1992,Open Multilateral,10/03/1988,1678
https://treaties.un.org/Pages/showDetails.aspx?objid=08000002800ca208&clang=_en,Convention for the protection of the architectural heritage of Europe,I-25705,14/03/1988,Open Multilateral,03/10/1985,1496
https://treaties.un.org/Pages/showDetails.aspx?objid=08000002800c905a&clang=_en,Convention for the protection of individuals with regard to automatic processing of personal data,I-25702,14/03/1988,Open Multilateral,28/01/1981,1496
https://treaties.un.org/Pages/showDetails.aspx?objid=08000002800c786e&clang=_en,Convention for the protection and development of the marine environment of the wider Caribbean ...,I-25974,20/06/1988,Open Multilateral,24/03/1983,1506
https://treaties.un.org/Pages/showDetails.aspx?objid=08000002800d0125&clang=_en,Convention for the promotion of inter-American cultural relations.,I-24379,23/10/1986,Open Multilateral,28/03/1954,1438
https://treaties.un.org/Pages/showDetails.aspx?objid=08000002800b52f8&clang=_en,Convention for the prohibition of fishing with long drift nets in the South Pacific,I-32370,01/12/1995,Open Multilateral,24/11/1989,1899
https://treaties.un.org/Pages/showDetails.aspx?objid=08000002800c34d0&clang=_en,Convention for the prevention of marine pollution from land-based sources,I-26842,29/09/1989,Open Multilateral,04/06/1974,1546
https://treaties.un.org/Pages/showDetails.aspx?objid=08000002800ab620&clang=_en,Convention for the establishment of the Latin Union,I-33483,01/01/1997,Open Multilateral,15/05/1954,1955
https://treaties.un.org/Pages/showDetails.aspx?objid=08000002800df46b&clang=_en,Convention for the establishment of a European Space Agency (with annexes and final act).,I-21524,18/01/1983,Open Multilateral,30/05/1975,1297
https://treaties.un.org/Pages/showDetails.aspx?objid=08000002800d0fae&clang=_en,Convention for the establishment of a European organisation for the exploitation of meteorological ...,I-24265,25/07/1986,Open Multilateral,24/05/1983,1434
https://treaties.un.org/Pages/showDetails.aspx?objid=08000002800be073&clang=_en,Convention for the creation of an international union for the publication of customs tariffs,LoN-108,10/04/1991,Open Multilateral,05/07/1890,Not Available
https://treaties.un.org/Pages/showDetails.aspx?objid=08000002800b05d5&clang=_en,Convention for the conservation of southern bluefin tuna,I-31155,18/08/1994,Open Multilateral,10/05/1993,1819
https://treaties.un.org/Pages/showDetails.aspx?objid=08000002800d8e0d&clang=_en,Convention for the conservation of salmon in the North Atlantic Ocean,I-22433,02/11/1983,Open Multilateral,02/03/1982,1338
https://treaties.un.org/Pages/showDetails.aspx?objid=08000002800b860d&clang=_en,Convention for mutual administrative assistance in customs matters,I-29139,25/09/1992,Open Multilateral,29/05/1982,1690
https://treaties.un.org/Pages/showDetails.aspx?objid=08000002800c7c17&clang=_en,Convention establishing the Multilateral Investment Guarantee Agency,I-26012,23/06/1988,Open Multilateral,11/10/1985,1508
https://treaties.un.org/Pages/showDetails.aspx?objid=08000002800c637e&clang=_en,"Convention establishing the European Telecommunications Satellite Organization ""EUTELSAT"" (with ...",I-26342,05/12/1988,Open Multilateral,15/07/1982,1519
https://treaties.un.org/Pages/showDetails.aspx?objid=08000002800ac6f0&clang=_en,Convention establishing the Coordination Center for the Prevention of Natural Disasters in Central America ...,I-31921,13/06/1995,Open Multilateral,29/10/1993,1870
https://treaties.un.org/Pages/showDetails.aspx?objid=08000002800ab506&clang=_en,Convention establishing the Association of Caribbean States,I-32308,01/11/1995,Open Multilateral,24/07/1994,1895
https://treaties.un.org/Pages/showDetails.aspx?objid=08000002800e38fd&clang=_en,Convention establishing a Permanent Inter-State Drought Control Committee for the Sahel,I-27528,27/08/1990,Open Multilateral,12/09/1973,1576
https://treaties.un.org/Pages/showDetails.aspx?objid=08000002800b9ab7&clang=_en,Convention concerning the recognition and the updating of civil status booklets,I-29066,29/07/1992,Open Multilateral,05/09/1990,1683
https://treaties.un.org/Pages/showDetails.aspx?objid=08000002800dded6&clang=_en,"Convention concerning the legal status, privileges and immunities of inter-State economic ...",I-21888,03/05/1983,Open Multilateral,05/12/1980,1314
https://treaties.un.org/Pages/showDetails.aspx?objid=08000002800dcfd9&clang=_en,Convention concerning the issue of plurilingual extracts from civil status records,I-22132,30/07/1983,Open Multilateral,08/09/1976,1327
https://treaties.un.org/Pages/showDetails.aspx?objid=08000002800d5a98&clang=_en,Convention concerning the issue of certificates of non-impediment to marriage,I-23256,01/02/1985,Open Multilateral,05/09/1980,1390
https://treaties.un.org/Pages/showDetails.aspx?objid=08000002800c8387&clang=_en,Convention concerning the issuance of certificates in connection with the attribution of differe...,I-26071,12/07/1988,Open Multilateral,08/09/1982,1509
https://treaties.un.org/Pages/showDetails.aspx?objid=08000002800ae8cd&clang=_en,Convention concerning the international administration of the estates of deceased persons,I-31585,15/02/1995,Open Multilateral,02/10/1973,1856
https://treaties.un.org/Pages/showDetails.aspx?objid=08000002800cdcb3&clang=_en,Convention concerning international co-operation in administrative assistance to refuge...,I-24813,13/05/1987,Open Multilateral,03/09/1985,1462
https://treaties.un.org/Pages/showDetails.aspx?objid=08000002800d4f86&clang=_en,Convention concerning International Carriage by Rail (COTIF),I-23353,01/05/1985,Open Multilateral,09/05/1980,"1396, 1397"
https://treaties.un.org/Pages/showDetails.aspx?objid=080000028003d679&clang=_en,"Convention against Torture and Other Cruel, Inhuman or Degrading Treatment or Punishment",I-24841,26/06/1987,Open Multilateral,10/12/1984,1465
https://treaties.un.org/Pages/showDetails.aspx?objid=080000028009eaef&clang=_en,Convention (No. 176) concerning safety and health in mines,I-35009,27/08/1998,Open Multilateral,22/06/1995,2029
https://treaties.un.org/Pages/showDetails.aspx?objid=08000002800a4183&clang=_en,Convention (No. 175) concerning part-time work,I-34473,26/03/1998,Open Multilateral,24/06/1994,2010
https://treaties.un.org/Pages/showDetails.aspx?objid=08000002800a49ea&clang=_en,Convention (No. 174) concerning the prevention of major industrial accidents,I-33639,25/03/1997,Open Multilateral,22/06/1993,1967
https://treaties.un.org/Pages/showDetails.aspx?objid=08000002800ab983&clang=_en,Convention (No. 173) concerning the protection of workers' claims in the event of the insolvency of the...,I-32088,01/08/1995,Open Multilateral,23/06/1992,1886
https://treaties.un.org/Pages/showDetails.aspx?objid=08000002800b0666&clang=_en,"Convention (No. 172) concerning working conditions in hotels, restaurants and similar establishments",I-31173,25/08/1994,Open Multilateral,25/06/1991,1820
https://treaties.un.org/Pages/showDetails.aspx?objid=08000002800ae896&clang=_en,Convention (No. 171) concerning night work,I-31582,07/02/1995,Open Multilateral,26/06/1990,1855
https://treaties.un.org/Pages/showDetails.aspx?objid=08000002800c0136&clang=_en,Convention (No. 169) concerning indigenous and tribal peoples in independent countries,I-28383,20/09/1991,Open Multilateral,27/06/1989,1650
https://treaties.un.org/Pages/showDetails.aspx?objid=08000002800bbf03&clang=_en,Convention (No. 168) concerning employment promotion and protection against unemployment.  Adopted by the Gener...,I-28460,04/11/1991,Open Multilateral,21/06/1988,1654
https://treaties.un.org/Pages/showDetails.aspx?objid=08000002800beeaf&clang=_en,Convention (No. 167) concerning safety and health in construction,I-27865,31/01/1991,Open Multilateral,20/06/1988,1592
https://treaties.un.org/Pages/showDetails.aspx?objid=08000002800bd2ca&clang=_en,Convention (No. 166) concerning the repatriation of seafarers (revised),I-28256,31/07/1991,Open Multilateral,09/10/1987,1644
https://treaties.un.org/Pages/showDetails.aspx?objid=08000002800cbc49&clang=_en,Convention (No. 165) concerning social security for seafarers (revised),I-29148,29/09/1992,Open Multilateral,09/10/1987,1690
https://treaties.un.org/Pages/showDetails.aspx?objid=08000002800cbb6e&clang=_en,Convention (No. 164) concerning health protection and medical care for seafarers,I-27864,31/01/1991,Open Multilateral,08/10/1987,1592
https://treaties.un.org/Pages/showDetails.aspx?objid=08000002800cbbce&clang=_en,Convention (No. 163) concerning seafarers' welfare at sea and in port,I-27583,23/10/1990,Open Multilateral,08/10/1987,1580
https://treaties.un.org/Pages/showDetails.aspx?objid=08000002800c3e6e&clang=_en,Convention (No. 162) concerning safety in the use of asbestos,I-26705,27/06/1989,Open Multilateral,24/06/1986,1539
https://treaties.un.org/Pages/showDetails.aspx?objid=08000002800ca75b&clang=_en,Convention (No. 161) concerning occupational health services,I-25799,17/03/1988,Open Multilateral,26/06/1985,1498
https://treaties.un.org/Pages/showDetails.aspx?objid=08000002800c8456&clang=_en,Convention (No. 160) concerning labour statistics,I-25944,19/05/1988,Open Multilateral,25/06/1985,1505
https://treaties.un.org/Pages/showDetails.aspx?objid=08000002800d48ed&clang=_en,Convention (No. 159) concerning vocational rehabilitation and employment (disabled persons),I-23439,28/06/1985,Open Multilateral,20/06/1983,1401
https://treaties.un.org/Pages/showDetails.aspx?objid=08000002800e1745&clang=_en,Convention (No. 158) concerning termination of employment at the initiative of the employer,I-23645,03/12/1985,Open Multilateral,22/06/1982,1412
https://treaties.un.org/Pages/showDetails.aspx?objid=08000002800a724e&clang=_en,Convention (No. 157) concerning the establishment of an international system for the maintenance of ...,I-33063,22/08/1996,Open Multilateral,21/06/1982,1932
https://treaties.un.org/Pages/showDetails.aspx?objid=08000002800dbfa6&clang=_en,Convention (No. 156) concerning equal opportunities and equal treatment for men and women workers:  worke...,I-22346,09/09/1983,Open Multilateral,23/06/1981,1331
https://treaties.un.org/Pages/showDetails.aspx?objid=08000002800dbe0a&clang=_en,Convention (No. 155) concerning occupational safety and health and the working environment,I-22345,09/09/1983,Open Multilateral,22/06/1981,1331
https://treaties.un.org/Pages/showDetails.aspx?objid=08000002800dc08e&clang=_en,Convention (No. 154) concerning the promotion of collective bargaining,I-22344,09/09/1983,Open Multilateral,19/06/1981,1331
https://treaties.un.org/Pages/showDetails.aspx?objid=08000002800ded60&clang=_en,Convention (No. 153) concerning hours of work and rest periods in road transport,I-21608,25/02/1983,Open Multilateral,27/06/1979,1301
https://treaties.un.org/Pages/showDetails.aspx?objid=08000002800c003d&clang=_en,Convention (No. 133) concerning crew accommodation on board ship (supplementary provisions),I-28382,20/09/1991,Open Multilateral,30/10/1970,1650
https://treaties.un.org/Pages/showDetails.aspx?objid=08000002800b2d28&clang=_en,Convention  (No. 170) concerning safety in the use of chemicals at work,I-30609,14/12/1993,Open Multilateral,25/06/1990,1753
https://treaties.un.org/Pages/showDetails.aspx?objid=080000028003c128&clang=_en,Constitution of the United Nations Industrial Development Organization,I-23432,21/06/1985,Open Multilateral,08/04/1979,1401
https://treaties.un.org/Pages/showDetails.aspx?objid=08000002800babf4&clang=_en,Constitution of the South and West Asia Postal Union and General Regulations of the South and West Asia Postal ...,I-28906,01/05/1992,Open Multilateral,12/03/1988,1672
https://treaties.un.org/Pages/showDetails.aspx?objid=08000002800addd4&clang=_en,Constitution of the Centre for marketing information and advisory services for fishery products in Latin ...,I-31660,08/03/1995,Open Multilateral,18/02/1994,1860
https://treaties.un.org/Pages/showDetails.aspx?objid=08000002800b0730&clang=_en,Constitution and Convention of the International Telecommunication Union,I-31251,01/10/1994,Open Multilateral,22/12/1992,"1825, 1826"
https://treaties.un.org/Pages/showDetails.aspx?objid=08000002800bcbe5&clang=_en,Community-COST Concertation Agreement on seven concerted action projects in the field of the environme...,I-28323,21/08/1991,Open Multilateral,18/01/1989,1647
https://treaties.un.org/Pages/showDetails.aspx?objid=08000002800cd75f&clang=_en,Community-COST Concertation Agreement on five concerted action projects in the field of environment.,I-24988,16/07/1987,Open Multilateral,13/03/1985,1473
https://treaties.un.org/Pages/showDetails.aspx?objid=08000002800cd825&clang=_en,Community-COST Concertation Agreement on a concerted action project on the use of lignocellulose-containi...,I-24989,16/07/1987,Open Multilateral,"31/10/1985, 19/11/1985",1473
https://treaties.un.org/Pages/showDetails.aspx?objid=08000002800cd7da&clang=_en,Community-COST Concertation Agreement on a concerted action project on the effects of thermal processi...,I-24983,16/07/1987,Open Multilateral,22/01/1981,1472
https://treaties.un.org/Pages/showDetails.aspx?objid=08000002800cd6d4&clang=_en,Community-COST Concertation Agreement on a concerted action project on the effects of processing and ...,I-24990,16/07/1987,Open Multilateral,"07/11/1985, 14/11/1985, 19/11/1985",1473
https://treaties.un.org/Pages/showDetails.aspx?objid=08000002800cd71b&clang=_en,Community-COST Concertation Agreement on a concerted action project on the effect of processing on the ...,I-24985,16/07/1987,Open Multilateral,09/12/1982,1473
https://treaties.un.org/Pages/showDetails.aspx?objid=08000002800cd805&clang=_en,Community-COST Concertation Agreement on a concerted action project in the field of treatment and use of ...,I-24984,16/07/1987,Open Multilateral,16/02/1982,1473
https://treaties.un.org/Pages/showDetails.aspx?objid=08000002800cd6f2&clang=_en,Community-COST Concertation Agreement on a concerted action project in the field of teleinformatics (CO...,I-24991,16/07/1987,Open Multilateral,18/11/1985,1473
https://treaties.un.org/Pages/showDetails.aspx?objid=08000002800cd171&clang=_en,Community-COST Concertation Agreement on a concerted action project in the field of shore-based marine ...,I-24986,16/07/1987,Open Multilateral,15/04/1983,1473
https://treaties.un.org/Pages/showDetails.aspx?objid=08000002800cd736&clang=_en,Community-COST Concertation Agreement on a concerted action project in the field of artificial intelligen...,I-24992,16/07/1987,Open Multilateral,04/12/1985,1474
https://treaties.un.org/Pages/showDetails.aspx?objid=08000002800cd786&clang=_en,Community-COST Concertation Agreement on a concerted action project in the field of aquatic primary bioma...,I-24994,16/07/1987,Open Multilateral,25/09/1986,1474
https://treaties.un.org/Pages/showDetails.aspx?objid=08000002800bb4af&clang=_en,"Commonwealth Telecommunications Organisation Financial Agreement, 1983",I-28553,13/01/1992,Open Multilateral,30/03/1983,1660
https://treaties.un.org/Pages/showDetails.aspx?objid=08000002800d3053&clang=_en,Collection of Bills Agreement,I-23684,01/01/1986,Open Multilateral,27/07/1984,1415
https://treaties.un.org/Pages/showDetails.aspx?objid=08000002800b0814&clang=_en,Charter of the Commonwealth of Independent States (With declaration and decisions),I-31139,03/08/1994,Open Multilateral,22/01/1993,1819
https://treaties.un.org/Pages/showDetails.aspx?objid=0800000280039652&clang=_en,Charter of the Asian and Pacific Development Centre,I-22028,01/07/1983,Open Multilateral,01/04/1982,1321
https://treaties.un.org/Pages/showDetails.aspx?objid=08000002800bc780&clang=_en,Cash-on-Delivery Agreement,I-29113,04/09/1992,Open Multilateral,14/12/1989,1687
https://treaties.un.org/Pages/showDetails.aspx?objid=08000002800d31e8&clang=_en,Cash-on-Delivery Agreement,I-23683,01/01/1986,Open Multilateral,27/07/1984,1415
https://treaties.un.org/Pages/showDetails.aspx?objid=08000002800f89cd&clang=_en,Budapest Treaty on the international recognition of the deposit of microorganisms for t...,I-31699,28/03/1995,Open Multilateral,28/04/1977,1861
https://treaties.un.org/Pages/showDetails.aspx?objid=08000002800156c2&clang=_en,Basel Convention on the Control of Transboundary Movements of Hazardous Wastes and their Disposal,I-28911,05/05/1992,Open Multilateral,22/03/1989,1673
https://treaties.un.org/Pages/showDetails.aspx?objid=08000002800cdbb3&clang=_en,"Athens Convention relating to the Carriage of Passengers and their Luggage by Sea, 1974",I-24817,27/05/1987,Open Multilateral,13/12/1974,1463
https://treaties.un.org/Pages/showDetails.aspx?objid=08000002800be14f&clang=_en,Anti-Doping Convention,I-28020,03/04/1991,Open Multilateral,16/11/1989,1605
https://treaties.un.org/Pages/showDetails.aspx?objid=08000002800444bb&clang=_en,Agreement to establish the South Centre,I-32076,30/07/1995,Open Multilateral,01/09/1994,1885
https://treaties.un.org/Pages/showDetails.aspx?objid=08000002800aeb01&clang=_en,Agreement to ban smoking on international passenger flights,I-31655,01/03/1995,Open Multilateral,01/11/1994,1858
https://treaties.un.org/Pages/showDetails.aspx?objid=0800000280045372&clang=_en,Agreement relating to the implementation of Part XI of the United Nations Convention on the Law of the Sea of ...,I-31364,16/11/1994,Open Multilateral,28/07/1994,1836
https://treaties.un.org/Pages/showDetails.aspx?objid=08000002800de068&clang=_en,Agreement regarding co-operation and mutual assistance among national customs directorates (with ...,I-21820,05/04/1983,Open Multilateral,11/09/1981,1308
https://treaties.un.org/Pages/showDetails.aspx?objid=08000002800cd79a&clang=_en,Agreement on the setting up of an experimental European network of ocean stations (COST 43) [with annexes].,I-24987,16/07/1987,Open Multilateral,21/11/1983,1473
https://treaties.un.org/Pages/showDetails.aspx?objid=08000002800bca1b&clang=_en,Agreement on the protection of the marine environment and the coastal area of the Southeast Pacific,I-28325,26/08/1991,Open Multilateral,12/11/1981,1648
https://treaties.un.org/Pages/showDetails.aspx?objid=08000002800c1efd&clang=_en,Agreement on the network of aquaculture centres in Asia and the Pacific,I-27140,06/03/1990,Open Multilateral,08/01/1988,1560
https://treaties.un.org/Pages/showDetails.aspx?objid=08000002800d574f&clang=_en,"Agreement on the legal capacity, privileges and immunities of the INTERSPUTNIK International ...",I-23236,25/01/1985,Open Multilateral,20/09/1976,1389
https://treaties.un.org/Pages/showDetails.aspx?objid=08000002800ddb5d&clang=_en,"Agreement on the implementation of a European project on pollution, on the topic 'Research into the ...",I-21932,06/06/1983,Open Multilateral,23/11/1971,1316
https://treaties.un.org/Pages/showDetails.aspx?objid=08000002800c4e54&clang=_en,Agreement on the Global System of Trade Preferences among developing countries (with annexes and ...,I-26581,30/05/1989,Open Multilateral,13/04/1988,1534
https://treaties.un.org/Pages/showDetails.aspx?objid=08000002800b1365&clang=_en,Agreement on the European Economic Area,I-31121,01/08/1994,Open Multilateral,02/05/1992,"1793, 1794, 1795, 1796, 1797, 1798, 1799, 1800, 1801, 1802, 1803, 1804, 1805, 1806, 1807, 1808, 1809, 1810, 1811, 1812, 1813, 1814, 1815, 1816, 1817, 1818"
https://treaties.un.org/Pages/showDetails.aspx?objid=08000002800a4840&clang=_en,Agreement on the establishment of the Inter-State Teleradio Company.,I-33646,01/04/1997,Open Multilateral,09/10/1992,1971
https://treaties.un.org/Pages/showDetails.aspx?objid=0800000280044f57&clang=_en,Agreement on the establishment of the International Vaccine Institute,I-33836,29/05/1997,Open Multilateral,28/10/1996,1979
https://treaties.un.org/Pages/showDetails.aspx?objid=08000002800dbde2&clang=_en,Agreement on the establishment of the Association of South East Asian Nations (ASEAN) Secretariat.,I-22342,02/09/1983,Open Multilateral,24/02/1976,1331
https://treaties.un.org/Pages/showDetails.aspx?objid=0800000280043983&clang=_en,"Agreement on the Conservation of Small Cetaceans of the Baltic, North East Atlantic, Irish and North Seas",I-30865,29/03/1994,Open Multilateral,17/03/1992,1772
https://treaties.un.org/Pages/showDetails.aspx?objid=08000002800ad2e6&clang=_en,Agreement on the conservation of bats in Europe,I-31714,21/04/1995,Open Multilateral,04/12/1991,1863
https://treaties.un.org/Pages/showDetails.aspx?objid=08000002800ce81c&clang=_en,Agreement on rules for the carriage of frozen and deep frozen products to and from Italy in equipment with thin ...,I-24630,20/02/1987,Open Multilateral,24/06/1986,1456
https://treaties.un.org/Pages/showDetails.aspx?objid=08000002800bca4b&clang=_en,Agreement on regional co-operation in combating pollution of the South-East Pacific by oil and other harmf...,I-28326,26/08/1991,Open Multilateral,12/11/1981,1648
https://treaties.un.org/Pages/showDetails.aspx?objid=08000002800cfc8c&clang=_en,Agreement on privileges and immunities of the Organization of American States (OAS).,I-24376,23/10/1986,Open Multilateral,15/05/1949,1438
https://treaties.un.org/Pages/showDetails.aspx?objid=08000002800d781e&clang=_en,Agreement on non-aggression and assistance in the field of defense.,I-22866,09/04/1984,Open Multilateral,09/06/1977,1354
https://treaties.un.org/Pages/showDetails.aspx?objid=0800000280042afa&clang=_en,Agreement on minimum requirements for the issue and validity of driving permits (APC),I-30670,31/01/1994,Open Multilateral,01/04/1975,1763
https://treaties.un.org/Pages/showDetails.aspx?objid=08000002800a5c0c&clang=_en,Agreement on international legal guarantees for the free and independent operation of the ...,I-33647,01/04/1997,Open Multilateral,24/12/1993,1971
https://treaties.un.org/Pages/showDetails.aspx?objid=08000002800d56f5&clang=_en,Agreement on co-operation in the peaceful exploration and use of outer space,I-23235,25/01/1985,Open Multilateral,13/07/1976,1389
https://treaties.un.org/Pages/showDetails.aspx?objid=08000002800cb19d&clang=_en,Agreement on CAB International,I-25571,11/01/1988,Open Multilateral,08/07/1986,1490
https://treaties.un.org/Pages/showDetails.aspx?objid=08000002800bb744&clang=_en,Agreement on a comprehensive political settlement of the Cambodia conflict,I-28613,23/01/1992,Open Multilateral,23/10/1991,1663
https://treaties.un.org/Pages/showDetails.aspx?objid=08000002800d17dc&clang=_en,Agreement instituting the Latin American Organization for Fisheries Development (OLDEPESCA) (with ...,I-24116,21/05/1986,Open Multilateral,"29/10/1982, 02/11/1984",1427
https://treaties.un.org/Pages/showDetails.aspx?objid=080000028003b946&clang=_en,Agreement governing the Activities of States on the Moon and Other Celestial Bodies,I-23002,11/07/1984,Open Multilateral,05/12/1979,1363
https://treaties.un.org/Pages/showDetails.aspx?objid=08000002800c74e3&clang=_en,Agreement for the establishment of the Latin-American and Caribbean Program on Commercial Informati...,I-26059,01/07/1988,Open Multilateral,29/05/1987,1509
https://treaties.un.org/Pages/showDetails.aspx?objid=08000002800ce5ad&clang=_en,Agreement for the establishment of the Intergovernmental Organization for Marketing Informati...,I-24651,20/03/1987,Open Multilateral,13/12/1985,1458
https://treaties.un.org/Pages/showDetails.aspx?objid=08000002800b0f80&clang=_en,Agreement for the establishment of the Intergovernmental Organization for Marketing Informati...,I-31029,09/06/1994,Open Multilateral,13/12/1991,1777
https://treaties.un.org/Pages/showDetails.aspx?objid=08000002800a7f47&clang=_en,Agreement for the establishment of the Indian Ocean Tuna Commission,I-32888,03/06/1996,Open Multilateral,25/11/1993,1927
https://treaties.un.org/Pages/showDetails.aspx?objid=08000002800aa289&clang=_en,"Agreement for the establishment of the African Export-Import Bank ""AFREXIMBANK"" (with Charter).",I-32192,13/10/1995,Open Multilateral,08/05/1993,1890
https://treaties.un.org/Pages/showDetails.aspx?objid=08000002800cad16&clang=_en,Agreement for the establishment of a Regional Centre on agrarian reform and rural development f...,I-25643,02/02/1988,Open Multilateral,28/09/1983,1492
https://treaties.un.org/Pages/showDetails.aspx?objid=08000002800be084&clang=_en,Agreement for cooperation in dealing with pollution of the North Sea by oil and other harmful substanc...,I-28022,09/04/1991,Open Multilateral,13/09/1983,1605
https://treaties.un.org/Pages/showDetails.aspx?objid=08000002800a6240&clang=_en,Agreement establishing the South Pacific Regional Environment Programme (SPREP),I-33912,01/07/1997,Open Multilateral,16/06/1993,1982
https://treaties.un.org/Pages/showDetails.aspx?objid=08000002800bba6c&clang=_en,Agreement establishing the South Pacific Forum Secretariat.  Opened for signature at Pohnpei on 29 July 1991,I-29909,23/04/1993,Open Multilateral,29/07/1991,1720
https://treaties.un.org/Pages/showDetails.aspx?objid=08000002800bbfb1&clang=_en,Agreement establishing the NORSAD Fund and the NORSAD Agency (with Statutes of the NORSAD Fund and Statutes of t...,I-29144,25/09/1992,Open Multilateral,31/01/1990,1690
https://treaties.un.org/Pages/showDetails.aspx?objid=08000002800d4ed2&clang=_en,Agreement establishing the Latin American Organisation for Housing and Development of Human Settlements (OLAVI).,I-23364,21/05/1985,Open Multilateral,14/01/1982,1397
https://treaties.un.org/Pages/showDetails.aspx?objid=08000002800bfae2&clang=_en,Agreement establishing the International Network for the Improvement of Banana and Plantain,I-27631,21/11/1990,Open Multilateral,27/10/1988,1583
https://treaties.un.org/Pages/showDetails.aspx?objid=08000002800426f6&clang=_en,Agreement establishing the Fund for the Development of the Indigenous Peoples of Latin America and t...,I-30177,04/08/1993,Open Multilateral,24/07/1992,1728
https://treaties.un.org/Pages/showDetails.aspx?objid=08000002800bcf7e&clang=_en,Agreement establishing the European Bank for Reconstruction and Development (EBRD) (with annexes and letter).,I-28266,06/08/1991,Open Multilateral,29/05/1990,1646
https://treaties.un.org/Pages/showDetails.aspx?objid=08000002800d8dbc&clang=_en,Agreement establishing the East Caribbean Common Market.,I-22434,08/11/1983,Open Multilateral,11/06/1968,1338
https://treaties.un.org/Pages/showDetails.aspx?objid=0800000280041767&clang=_en,Agreement establishing the Common Fund for Commodities,I-26691,19/06/1989,Open Multilateral,27/06/1980,1538
https://treaties.un.org/Pages/showDetails.aspx?objid=08000002800dbb2b&clang=_en,Agreement establishing the Association of Tin Producing Countries,I-22393,17/10/1983,Open Multilateral,29/03/1983,1335
https://treaties.un.org/Pages/showDetails.aspx?objid=08000002800d11ba&clang=_en,Agreement establishing the Asian regional co-operative project on medical and biological applications of nucle...,I-24227,16/06/1986,Open Multilateral,20/02/1986,1428
https://treaties.un.org/Pages/showDetails.aspx?objid=08000002800cb030&clang=_en,Agreement concerning the social security of Rhine boatmen (revised),I-25584,19/01/1988,Open Multilateral,30/11/1979,1490
https://treaties.un.org/Pages/showDetails.aspx?objid=08000002800bbe56&clang=_en,Agreement concerning the establishment of the Regional Coordination Committee on drinking water and sanitation ...,I-28464,11/11/1991,Open Multilateral,23/10/1989,1654
https://treaties.un.org/Pages/showDetails.aspx?objid=08000002800a1689&clang=_en,Agreement concerning specific stability requirements for ro-ro passenger ships undertaking regular ...,I-34477,30/03/1998,Open Multilateral,"27/02/1996, 28/02/1996",2010
https://treaties.un.org/Pages/showDetails.aspx?objid=08000002800c4623&clang=_en,Agreement concerning an International Trust Fund for Tuvalu,I-26646,08/06/1989,Open Multilateral,16/06/1987,1536
https://treaties.un.org/Pages/showDetails.aspx?objid=08000002800b3bbe&clang=_en,Agreement between the European Free Trade Association countries and Turkey relating to trade,I-30369,08/10/1993,Open Multilateral,10/12/1991,1740
https://treaties.un.org/Pages/showDetails.aspx?objid=08000002800b3c76&clang=_en,Agreement between the European Free Trade Association countries and Romania relating to trade,I-30371,08/10/1993,Open Multilateral,10/12/1992,1742
https://treaties.un.org/Pages/showDetails.aspx?objid=08000002800b3cc4&clang=_en,Agreement between the European Free Trade Association countries and Israel relating to trade,I-30370,08/10/1993,Open Multilateral,17/09/1992,1741
https://treaties.un.org/Pages/showDetails.aspx?objid=08000002800b3d04&clang=_en,Agreement between the European Free Trade Association countries and Hungary relating to trade,I-30373,08/10/1993,Open Multilateral,29/03/1993,1744
https://treaties.un.org/Pages/showDetails.aspx?objid=08000002800b3d3d&clang=_en,Agreement between the European Free Trade Association countries and Bulgaria relating to trade,I-30372,08/10/1993,Open Multilateral,29/03/1993,1743
https://treaties.un.org/Pages/showDetails.aspx?objid=08000002800ab3f5&clang=_en,Agreement between the EFTA States and the Czech and Slovak Federal Republic relating to trade (with protocol...,I-32134,22/09/1995,Open Multilateral,20/03/1992,1888
https://treaties.un.org/Pages/showDetails.aspx?objid=08000002800a0a25&clang=_en,"Agreement between New Zealand, Papua New Guinea, Australia, Fiji and Vanuatu concerning the Neutral Truce ...",I-35263,01/10/1998,Open Multilateral,"05/12/1997, 10/12/1997, 18/12/1997",2039
https://treaties.un.org/Pages/showDetails.aspx?objid=08000002800c1203&clang=_en,"African Regional Cooperative Agreement for research, development and training related to nuclear ...",I-27310,29/05/1990,Open Multilateral,21/02/1990,1566
https://treaties.un.org/Pages/showDetails.aspx?objid=08000002800cb09f&clang=_en,African Charter on Human and Peoples' Rights,I-26363,28/12/1988,Open Multilateral,27/06/1981,1520
https://treaties.un.org/Pages/showDetails.aspx?objid=08000002800ab39e&clang=_en,"""Andrs Bello"" Convention concerning educational, scientific, technological and cultural integratio...",I-32133,22/09/1995,Open Multilateral,27/11/1990,1887
https://treaties.un.org/Pages/showDetails.aspx?objid=08000002800d5cf7&clang=_en,"""Andr Bello"" Convention concerning educational, scientific and cultural integration of the countries of the Ande...",I-23170,03/12/1984,Open Multilateral,31/01/1970,1381
https://treaties.un.org/Pages/showDetails.aspx?objid=0800000280044a0e&clang=_en,Vienna Convention on succession of States in respect of treaties,I-33356,06/11/1996,Open Multilateral,23/08/1978,1946
https://treaties.un.org/Pages/showDetails.aspx?objid=080000028003f101&clang=_en,Vienna Convention for the Protection of the Ozone Layer,I-26164,22/09/1988,Open Multilateral,22/03/1985,1513
https://treaties.un.org/Pages/showDetails.aspx?objid=08000002800ad416&clang=_en,Vienna Agreement Establishing an International Classification of the Figurative Elements ...,I-31731,24/04/1995,Open Multilateral,12/06/1973,1863
https://treaties.un.org/Pages/showDetails.aspx?objid=08000002800bc8a2&clang=_en,Universal Postal Convention,I-29109,04/09/1992,Open Multilateral,14/12/1989,1687
https://treaties.un.org/Pages/showDetails.aspx?objid=08000002800d3a13&clang=_en,Universal Postal Convention,I-23679,01/01/1986,Open Multilateral,27/07/1984,1415
https://treaties.un.org/Pages/showDetails.aspx?objid=08000002800431ce&clang=_en,United Nations Framework Convention on Climate Change,I-30822,21/03/1994,Open Multilateral,09/05/1992,1771
https://treaties.un.org/Pages/showDetails.aspx?objid=0800000280054a96&clang=_en,United Nations Convention to Combat Desertification in those Countries Experiencing Serious Drought and/...,I-33480,26/12/1996,Open Multilateral,14/10/1994,1954
https://treaties.un.org/Pages/showDetails.aspx?objid=0800000280043ad5&clang=_en,United Nations Convention on the Law of the Sea,I-31363,16/11/1994,Open Multilateral,10/12/1982,"1833, 1834, 1835"
https://treaties.un.org/Pages/showDetails.aspx?objid=0800000280042179&clang=_en,"United Nations Convention on the Carriage of Goods by Sea, 1978",I-29215,01/11/1992,Open Multilateral,31/03/1978,1695
https://treaties.un.org/Pages/showDetails.aspx?objid=080000028003e60d&clang=_en,United Nations Convention on Contracts for the International Sale of Goods,I-25567,01/01/1988,Open Multilateral,11/04/1980,1489
